;1 кв. 2006 г.;2 кв. 2006 г.;3 кв. 2006 г.;4 кв. 2006 г.;1 кв. 2007 г.;2 кв. 2007 г.;3 кв. 2007 г.;4 кв. 2007 г.;1 кв. 2008 г.;2 кв. 2008 г.;3 кв. 2008 г.;4 кв. 2008 г.;1 кв. 2009 г.;2 кв. 2009 г.;3 кв. 2009 г.;4 кв. 2009 г.;1 кв. 2010 г.;2 кв. 2010 г.;3 кв. 2010 г.;4 кв. 2010 г.;1 кв. 2011 г.;2 кв. 2011 г.;3 кв. 2011 г.;4 кв. 2011 г.;1 кв. 2012 г.;2 кв. 2012 г.;3 кв. 2012 г.;4 кв. 2012 г.;1 кв. 2013 г.;2 кв. 2013 г.;3 кв. 2013 г.;4 кв. 2013 г.;1 кв. 2014 г.;2 кв. 2014 г.;3 кв. 2014 г.;4 кв. 2014 г.;1 кв. 2015 г.;2 кв. 2015 г.;3 кв. 2015 г.;4 кв. 2015 г.;1 кв. 2016 г.;2 кв. 2016 г.;3 кв. 2016 г.;4 кв. 2016 г.;1 кв. 2017 г.;2 кв. 2017 г.;3 кв. 2017 г.;4 кв. 2017 г.;1 кв. 2018 г.;2 кв. 2018 г.;3 кв. 2018 г.;4 кв. 2018 г.;1 кв. 2019 г.;2 кв. 2019 г.;3 кв. 2019 г.;4 кв. 2019 г.;1 кв. 2020 г.;2 кв. 2020 г.;3 кв. 2020 г.;4 кв. 2020 г.;
Российская Федерация;119.57;129.76;140.92;147.66;143.88;135.29;126.54;123.40;116.41;118.01;117.10;110.25;105.16;97.32;91.85;92.42;95.57;97.07;100.40;100.33;104.12;105.51;106.40;106.73;109.21;110.55;111.41;110.68;108.78;107.19;106.09;104.77;105.08;106.14;105.40;105.71;105.01;102.48;101.43;99.68;97.98;98.36;99.36;99.62;99.89;100.46;100.47;101.03;102.36;103.43;105.33;106.26;106.96;107.16;107.90;107.96;106.71;108.34;109.37;112;
Центральный федеральный округ;120.85;135.88;150.68;155.21;142.65;127;117.86;119.87;111.49;115.34;117.17;111.56;111;101.57;93.61;93.66;98.32;98.52;102.62;100.82;104.18;105.19;105.92;105.67;108.25;109.83;109.71;108.86;107.69;106.15;106.77;106.65;106.54;108.73;107.52;107.46;105.87;101.77;101.59;100.65;98.58;98.93;100.17;99.96;100.03;102.07;100.93;101.08;101.97;103.63;106.21;106.31;107.03;106.90;107.81;108.45;106.47;106.88;109.19;111.37;
Белгородская область;116.09;128.14;148.33;160.63;165.53;155.07;130.58;125.27;117.71;117.21;117.19;114.90;111.71;105.29;99.64;95.80;94.96;97.63;99.28;99.30;100.81;101.55;101.57;104;106.71;108.46;113.36;112.58;113.73;112.95;107.30;105.56;103.84;103.78;102.08;102.57;101.29;98.57;98.77;95.69;95.06;98.48;104.15;103.84;102.54;101.39;99.56;99.83;101.40;101.50;100.73;102.01;100.30;102.87;103.28;103.37;101.66;102.40;104.21;106.83;
Брянская область;106.22;107.72;115.93;122.07;136.41;139.86;133.67;134.02;132.10;140.66;142.38;130.72;107.06;93.53;86.72;84.29;92.62;104.20;103.12;102.34;102.88;100.49;103.19;105.81;103.08;110.25;106.12;105.84;107.40;103.71;106.51;106.77;109.46;117.32;116.89;117.41;105.01;101.24;103.46;98.36;98.28;101.36;100.76;100.37;98.92;98.15;97.44;98.37;99.84;99.37;99.77;100.44;105.80;107.63;108.57;107.67;105.89;107.74;109.05;112.17;
Владимирская область;118.62;130.74;151.71;163.65;164.60;158.54;149.89;139.39;131.13;126.87;119.42;112.69;104.31;92.51;84.92;86.65;90.24;94.74;96.48;98.54;103.53;107.77;105.80;107.88;106.89;107.17;104.84;101.81;104.85;102.35;102.89;103.69;101.70;105.79;105.06;104.21;102.62;98.98;96.23;93.31;91.16;90.57;88.26;90.30;94;95.48;98.73;100.23;101.80;103;102.08;102.42;101.22;100.32;101.51;101.93;107.36;109.10;112.64;115.68;
Воронежская область;115.67;120.45;133.92;143.10;149.47;147.87;141.90;131.26;126.92;125.99;124.25;116.51;102.81;98.68;93.55;94.04;99.13;100.27;101.72;103.11;105.96;105.62;108.03;108.66;110.89;115.10;116.08;115.89;110.88;105.97;105.67;104.41;105.01;105.93;108.41;108.63;104.97;100.98;100.09;99.64;98.17;99.59;100.16;95.68;94.82;93.73;93.44;95.38;100.58;102.21;105.01;106.09;106.98;109.96;109.45;108.25;107.12;106.29;112.81;119.74;
Ивановская область;113;127.69;144.74;155.78;176.32;184.50;173.50;145.69;126.20;107.81;109.60;103.85;93.38;87.80;82.73;97.48;99.03;97.28;100.71;99.01;104.86;106.25;103.15;103.82;100.19;99.27;99.82;99.79;99.62;101.89;101.92;101.75;107.15;102.66;102.17;103.79;106.74;107.34;100.74;96.46;97.02;98.03;97.36;99.87;97.06;96.18;97.50;100.58;96.73;99.22;98.56;100.63;101.60;100.56;103.60;104.31;103.98;106.07;107.11;106.66;
Калужская область;135.89;137.35;143.55;145.75;145.71;137.66;133.36;135.28;140.45;160.69;161.38;149.24;113.31;91.31;87.35;84.09;92.60;96.84;98.02;99.62;95.63;99.88;100.77;107.47;109.52;108.92;104.66;102.96;103.36;102.26;104.64;104.68;99.04;98.47;96.84;101.18;101.69;102.63;102.81;99.04;100.51;97.46;97.98;99.75;101.96;103.99;103.13;101.78;99.28;100.31;99.91;105.13;106.72;103.95;102.44;101.40;102.84;109.13;114.06;115.98;
Костромская область;127.07;122.32;142.55;181.94;173.54;166.11;168.67;121.81;126.27;123.06;102.62;92.42;82.28;82.01;81.84;90.56;90.72;89.09;92.26;93.76;97.12;101.05;101.38;97.41;106.38;104.47;109.62;105.81;105.68;106.62;105.62;103.89;100.06;107.19;101.91;105.86;112.18;105.62;102.79;103.70;93.22;89.16;96.75;98.11;99.33;98.25;96.77;95.47;95.64;102.20;102.12;104.01;104.37;100.92;100.48;100.95;105.69;111.09;111.76;115.84;
Курская область;111.58;110.72;115.58;129.30;146.95;154.63;158.03;138.26;128.50;122.88;116.45;112.29;106.22;94.35;86.77;85.86;90.05;96.76;99.78;99.99;101.32;106.42;107.18;108.26;113.96;107.97;108.35;108.80;107.25;107.04;106.85;111.23;109.07;119.45;120.96;113.80;110.68;102.75;94.64;90.16;87.82;87.96;93.06;95.65;102.12;101.42;100.24;101.80;98.64;101.01;104.25;107.16;109.97;109.68;109.94;105.88;103.04;107.17;112.43;117.86;
Липецкая область;119.63;120.02;121.64;130.23;134.40;146.62;160.22;160.84;160.92;154.30;145.36;122.40;88.62;78.88;73.24;80.46;91.96;100.97;104.56;107.54;103.80;103.60;106.96;106.21;109.98;113.25;113.83;111.67;106.76;108.58;103.73;102.28;100.88;95.85;96.02;96.58;104.39;105.32;104.96;99.18;95.43;94.70;94.20;92.85;95.65;97.03;97.92;105.17;103.84;104.92;106.57;108.42;109.54;107.46;108.43;109.63;102.58;111.08;110.15;111.59;
Московская область;124.75;149.46;161.54;168.60;143.36;127.83;118.77;129.31;113.29;118.21;118.87;116.15;113.88;105.22;96.48;94.98;99.04;96.31;100.91;100.26;99.82;106.71;105.71;107.93;107.21;111.64;113.79;109.58;105.71;103.04;101.97;103.25;103.94;112.18;111.07;108.73;107.20;99.18;101.47;101.46;97.43;99.54;100.14;102.20;104.22;104.60;105.89;106.17;104.81;106.84;107.68;107.69;108.37;104.79;109.55;98.95;101.55;112.07;108.96;114.61;
Орловская область;113.53;114.95;116.75;122.24;129.01;134.16;134.96;137.90;135.03;132.75;131.49;125.62;109.52;99.93;95.18;92.99;93.11;95.63;95.88;98.48;102.03;102.89;107.91;105.88;107.78;111.51;111.53;118.11;118.44;111.71;109.90;103.37;102.91;103.44;103.17;101.95;102.19;99.19;97.91;100.72;98.96;97.59;97.39;94.29;92.57;97.52;100.85;105.16;105.60;104.97;103.52;104.03;107.55;108.18;108.96;107.18;107.43;111.58;115.77;123.93;
Рязанская область;121.16;130.71;140.15;152.11;171.24;163.81;148.56;136.66;125.62;124.17;123.18;117.29;102.57;93.65;87.15;85.34;90.57;95.39;102.82;107.84;103.29;102.12;103.40;100.08;108.30;104.95;102.69;104.15;102.75;104.24;102.44;104.13;107.30;110.96;109.45;106.63;108.08;98.84;98.25;96.88;92.19;98.80;95.94;96.44;100.79;101.12;104.82;106.36;104.45;104.78;106.75;107.94;106.09;105.86;106.93;106.32;111.03;114.56;119.79;123.43;
Смоленская область;138.66;136.54;134.47;141.69;159.80;156.66;150.38;135.33;127.14;127.29;131.57;122.53;103.39;93.87;84.60;85.88;97.31;98.25;104.62;105.25;107.66;108.72;111.33;113.15;116.46;115.16;109.79;108.90;111.20;108.22;104.98;103.75;101.78;102.51;102.30;101.67;101.63;99.80;95.98;94.30;93.26;95.49;98.11;99.31;99.01;99.35;99.93;99.92;102.56;102.77;101.66;101.08;104.22;103.45;101.88;101.60;102.70;103.58;107.36;110.95;
Тамбовская область;115.53;117.74;129.83;134.63;137.88;142.20;137.15;132.47;130.79;130.06;124.57;121.36;108.63;93.60;90.55;85.90;90.22;99.94;99.49;103.32;101.56;101.59;104.32;104.82;112.54;115.56;114.03;120.44;121.19;117.86;112.20;109.31;110.93;111.47;110.05;109.56;106.83;105.70;104.71;99.34;99.68;93.30;94.02;98.01;99.52;100.16;97.55;94.25;99.85;100.74;102.64;104.51;105.60;106.23;105.98;105.46;102.27;104.56;107.96;110.22;
Тверская область;121.73;135.34;148.45;151.11;136.65;123.03;115.35;128.51;153.28;174.10;166.52;126.87;103.19;74.38;72.48;81.96;92.37;113.54;107.03;108.95;102.77;99.98;102.67;100.30;104.03;103.71;106.59;107.22;101.86;103.82;100.81;99.10;101.06;105.78;105.56;104.36;106.60;97.45;98.98;99.66;97.81;95.09;94.18;92.32;92.98;96.87;97.06;97.61;101.55;101.01;101.01;99.93;101.66;103.50;104.41;104.73;103.05;103.69;103.87;108.23;
Тульская область;112.77;111.04;112.82;0;131.27;134.73;133.28;126.08;125.94;126.45;121.51;114.69;105.57;103.24;98.23;101.04;99.84;100.03;94.17;92.93;103.69;103.49;107.66;108.45;105.42;101.75;101.20;101.60;97.90;101.21;104.18;100.85;109.07;114.53;112.75;114.24;105.67;101.60;99.83;96.21;101.90;93.03;92.73;90.58;94.35;100.29;98.99;99.17;103.47;104.84;106.25;109.95;111.20;104.84;106.87;106.91;110.02;114.56;118.74;125.02;
Ярославская область;110.76;117.19;137.81;178.70;176.78;164.65;139.69;109.96;116.30;121.59;126.02;122.70;109.86;93.74;88.89;86.32;88.64;95.14;98.45;101.75;103.93;107.79;112.53;110.01;116.11;118.09;110.76;117.67;113.66;107.31;110.50;101.02;105.74;104.98;99.36;99.48;96.28;96.63;89.01;93.35;93.50;93.06;101.41;97.57;98.57;100.94;99.96;99.77;93.78;93.72;98.50;101.77;105.95;105.99;103.46;100.97;103.98;101.98;103.10;104.34;
Город Москва столица Российской Федерации город федерального значения;119.25;134.06;150.71;152.53;139.74;120.54;110.92;110.77;111.28;115.20;119.49;112.67;112.49;103.45;94.34;95.62;100.05;102.79;104.03;103.49;107.26;105.80;105.74;103.63;106.51;107.79;106.64;106.17;106.75;106.35;111.34;111.72;110.20;110.13;106.42;107.89;107.23;105.28;106.63;106.50;103.18;101.11;103.12;102.04;98.47;103.01;98.91;97.94;100.53;102.35;106.78;106.08;107.20;107.63;108.06;113.25;108.22;104.12;106.58;106.04;
Северо-Западный федеральный округ;105.35;123.35;135.97;146.32;155.65;147.53;128.04;121.92;120.55;125.18;125.42;111.36;103.26;94.87;90.64;93.43;92.13;94.67;97.20;99.20;105;108.31;109.36;108.08;111.74;112.14;115.69;113.77;110.31;107.14;105.29;99.80;103.82;103.73;100.76;102.33;98.11;97.82;100.86;98.64;99.49;102.05;102.40;105.89;104.87;101.64;102.28;102.87;106.72;106.11;105.90;105.55;104.96;105.20;105.67;107.78;105.47;108.75;109.34;112.72;
Республика Карелия;104.98;105.12;112.22;115.83;141.57;142.04;135.33;132.76;117.15;118.80;124.09;120.93;106.91;101.23;93.40;90.13;95.41;96.10;101.14;103.54;104.84;103.85;103.06;102.50;105.25;109.42;107.47;104.97;104.86;102.39;98.06;93.38;99.24;100.55;100.94;101.58;100.52;100.25;100.27;100.25;98;97.88;101.95;101.41;100.44;100.75;98.50;98.88;100.89;101.89;103.19;103.28;105.38;103.20;101.91;103.23;102.50;103.95;105.46;104.28;
Республика Коми;117.38;131.01;154.64;196.99;207.97;183.34;153.43;114.19;99.50;98.63;96.79;95.38;91.86;92.61;95.94;97.26;102.54;101.06;101.47;101.23;103.69;108.02;110.94;113.35;120.12;122.87;122.79;121.60;111.21;106.61;105.29;105.19;106.37;105.89;104.08;104.35;99.45;97.59;97.30;94.37;96.62;93.40;93.83;92.81;96.29;94.15;94.99;95.42;97.77;100.75;99.20;94.58;100.77;103.90;107.36;113.94;108.62;105;108.77;109.26;
Архангельская область;116.57;122.50;136.47;177.31;173.20;179.50;133.17;114.94;108.01;106;105.91;106.14;103.83;100.59;99.47;98.72;97.21;99.42;99.92;100.14;95.27;94.23;101.59;109.35;103.84;108.95;118.04;116.69;114.03;106.51;102.38;98.96;101.10;101.06;100.17;102.82;109.18;101.83;97.70;99.51;96.72;100.24;100.26;99.42;98.59;99.36;100.10;102.66;102.90;101.45;101.92;104.98;107.78;105.87;104.23;100.79;100.98;103.33;105.66;106.88;
Ненецкий автономный округ (Архангельская область);102.68;101.35;99.71;108.89;114.92;114.92;113.65;117.93;109.15;110.95;108.66;136.28;131.58;124.74;120.86;107.81;109.17;109.17;105.99;102.99;101.29;101.29;100;99.93;99.91;99.91;99.91;100;100;100;100;100;0;0;0;0;0;0;0;0;0;0;0;0;0;0;0;0;101.16;98.20;97.58;97.56;0;0;0;0;0;0;0;0;
Архангельская область (кроме Ненецкого автономного округа);0;0;0;0;0;0;0;0;0;0;0;0;0;0;0;0;0;0;0;0;0;0;0;0;0;0;0;0;124.56;110.96;103.90;98.32;101.10;101.06;100.17;102.82;109.18;101.83;97.70;99.51;96.72;100.24;100.26;99.42;98.59;99.36;100.10;102.66;103.41;102.39;103.18;107.12;107.78;105.87;104.23;100.79;100.98;103.33;105.66;106.88;
Вологодская область;109.14;118.45;136.73;166.86;169.81;172.34;151.53;121.51;117.93;110.98;108.92;101.22;94.85;85.82;83.19;84.47;85.31;92.79;95.87;105.45;105.63;106.42;107.69;108.41;111.12;111.77;113.79;111.50;108.90;105.89;103.48;100.61;99.89;100.19;97.67;100.35;98.41;96.70;97.18;92.64;90.49;94.33;98.27;98.05;101.32;98.39;97.07;99.85;99.65;101.61;101.18;102.23;103.72;102.85;105.77;104.02;104.47;108.12;109.16;112.39;
Калининградская область;110.52;112.61;110.50;124.81;162.05;166.67;173.11;154.43;106.50;105.51;107.93;105.13;101.01;98.71;95.16;91.22;92.52;93.35;97.40;101.88;101.28;106.15;106.61;104.56;106.76;106.77;104.95;104.10;103.51;102.39;101.98;103.65;103.07;103.07;103.96;105.13;107.94;109.60;110.66;110.71;105.99;106.65;103.90;102.81;101.95;99.94;102.61;103.03;102.29;103.03;101.93;101.58;102.72;104.69;104.20;104.07;104.48;105.86;108.76;113.79;
Ленинградская область;106.48;108.86;114.68;121.46;143.55;143.01;121.86;113.71;110.80;123.50;127.27;126.14;119.47;110.20;102.07;93.97;92.34;89.88;87.39;95.01;101;97.25;101.91;99.61;107.39;108.34;107.34;103.88;107.02;100.08;100.61;100.40;112.79;121.16;116.29;119.23;106.96;109.50;109.13;109.76;98.81;95.92;100.59;99.89;101.06;101.82;100.69;99.67;101.82;102.40;102.77;103.16;110.19;107.53;102.95;102.18;100.04;103.09;104.28;107.30;
Новгородская область;111.68;115.98;135.58;155.35;168.32;162.69;146.38;124.62;111.65;119.58;127.67;125.98;112.53;103.90;97.99;97.37;100.06;108.60;107.31;106.85;104.98;106.56;110.15;105.04;103.34;107.49;112.41;114.81;111.18;112.72;110.31;107.78;100.57;95.76;99.20;101.66;104.07;94.80;91.64;88.22;84.35;95.42;99.50;102.14;101.42;102.55;102.26;100.06;100.26;101.77;106.21;108.64;106.86;103.98;100.77;102.04;101.76;106.07;113.04;112.94;
Псковская область;112.40;114.05;118.17;128.74;136.95;146.53;146.29;142.41;162.02;149.27;136.33;113.86;102.97;101.42;103.38;106.98;106.79;109.10;105.70;99.67;98.17;97.14;100.20;101.22;104.73;104.71;103.05;106.02;106.22;105.62;109.08;103.08;105.28;104.17;103.17;103.81;102.20;101.97;101.20;99.45;100.93;100.89;100.58;99.47;98.10;96.12;95;99.19;100.50;100;100.42;101.63;98.87;98.85;99.24;100.60;99.88;101.37;101.28;103.81;
Город Санкт-Петербург город федерального значения;103.43;127.14;140.80;147.30;153.42;141.93;121.81;120.30;130.69;136.95;136.37;115.69;101.78;92.16;87.94;93.69;93.07;94.60;99.97;96.48;106.44;112.73;112.34;109.94;115.15;113.61;119.68;116.73;112.40;108.46;106.96;98.97;105.18;105.27;100.42;102;95.03;95.61;100.52;97.93;100.81;103.17;103.07;107.96;106.31;102.37;103.22;103.72;108.86;107.56;107.09;106.51;105.13;105.70;106.46;109.33;105.80;109.23;109.60;113.20;
Южный федеральный округ (по 2009 год);115.68;117.97;121.51;123.34;124.29;127.41;129.13;131.36;132.82;134.05;126.85;121.49;106.89;97.33;91.35;90.47;0;0;0;0;0;0;0;0;0;0;0;0;0;0;0;0;0;0;0;0;0;0;0;0;0;0;0;0;0;0;0;0;0;0;0;0;0;0;0;0;0;0;0;0;
Южный федеральный округ (с 2010 года);0;0;0;0;0;0;0;0;0;0;0;0;0;0;0;0;92.44;96.77;99.03;100.42;102.34;106.29;105.28;105.85;106.25;105.07;105.89;105.07;103.27;103.58;103.03;102.25;102.52;103.82;102.56;105.48;108.94;103.12;103.70;100.90;99.03;98.22;101.20;99.58;0;0;0;0;0;0;0;0;0;0;0;0;0;0;0;0;
Южный федеральный округ (с 29.07.2016);0;0;0;0;0;0;0;0;0;0;0;0;0;0;0;0;0;0;0;0;0;0;0;0;0;0;0;0;0;0;0;0;0;0;0;0;0;0;0;0;0;0;0;0;101.87;101.38;100.28;100.60;102.19;101.42;103.78;107.03;108.57;108.06;111.10;107.82;107.93;110.75;110.76;114.10;
Республика Адыгея (Адыгея);114.32;117.71;117.97;116.09;124.95;140.89;136.37;143.61;145.18;132.23;147.16;132.45;113.39;111.64;95.29;93.31;96.79;82.31;84.69;83.89;75.88;115.57;113.21;114.48;118.64;104.05;103.98;99.52;95.35;105.73;99.02;101.42;105.11;96.43;109.19;103.34;107.15;110.90;104.16;108.21;92.70;93.48;96.31;98.08;101.14;98.83;95.75;97.61;100.06;96.78;99.68;99.67;101.34;101.82;102.05;101.53;100.43;105.23;113.60;120.64;
Республика Калмыкия;112;106.24;105.67;105.69;107.44;115.55;124.26;125.17;125.78;120.28;111.43;120.15;120.36;116.27;115.95;103.23;101.08;101.39;101.55;105.28;101.32;101.41;101.83;99.80;102.21;102.74;102.33;102.56;101.45;100;101.87;104.05;107.28;108.46;105.32;104.78;107.81;103.04;102.56;100.85;100.19;101.26;99.64;99.89;97.45;97.33;98.49;97.43;98.39;100.03;100.42;101.33;102.59;105.36;98.64;102;105.50;104.62;105.21;105.23;
Республика Крым;0;0;0;0;0;0;0;0;0;0;0;0;0;0;0;0;0;0;0;0;0;0;0;0;0;0;0;0;0;0;0;0;0;0;0;0;0;0;0;0;0;0;0;0;103.19;99.84;100.20;100.26;105.69;106.47;106.93;100.53;113.36;115.53;115.41;114.72;109.39;109.84;112.84;111.65;
Краснодарский край;118.13;122.01;125.03;127.14;130.87;132.05;133.27;131.22;131.17;125.11;113.39;112.23;105.69;95.69;90.12;88.99;91.76;97.38;97.54;98.24;97.68;102.23;103.32;104.14;106.44;105.09;105.90;105.81;102.64;103.07;103;101.85;101.31;102.95;101.79;105.96;112.14;104.08;106.18;102.78;99.80;98.04;103.09;99.98;103.39;102.16;99.78;101.42;103.13;101.17;104.24;109.86;109.27;108.01;116.31;110.13;110.22;115.80;112.27;116.66;
Астраханская область;120.60;125.08;125.87;121.30;118.61;120.18;136.08;149.64;165.55;163.92;149.66;133.06;117.42;108.71;97.65;93.90;93.58;93.55;99.64;103.44;103.85;105.08;103.43;103.19;104.54;103.04;105.46;105.55;106.27;109;105.94;106.06;109.66;109.50;110.19;110.53;106.87;104.75;101.01;98.57;96.61;96.47;96.30;99.50;97.81;98.98;99.31;98.39;98.14;99.59;101.69;101.62;103.72;103.90;104.15;107.29;114.12;114.40;115.20;111.47;
Волгоградская область;124.53;123.37;122.88;124.46;137.42;142.45;143.45;155.39;146.84;154.55;158.65;136.99;112.58;89.90;76.42;74.14;82.38;89.43;99.09;113.24;110.27;114.21;108.15;103.45;109.07;105.76;108.17;105.74;104.71;104.82;101.01;101.29;103.11;103.20;101.91;103.78;106.38;104.80;102.70;97.03;98.17;96.82;97.46;101.21;99.56;101.17;102.25;102.81;104;104.96;107.25;109.54;110.69;109.25;104.65;102.85;103.68;105.81;110.17;110.21;
Ростовская область;112.89;114.36;123.31;126.77;118.04;123.15;124.64;126.12;114.87;123.44;122.85;121.52;101.94;99.09;94.37;94.25;97.96;98.51;100.43;101.55;110.28;108.60;106.99;110.37;104.82;105.48;105.72;103.90;105.17;104.54;103.81;103.50;105.07;106.30;104.53;104.43;102.89;99.36;98.55;98.49;98.31;99.33;99.74;98.34;101.17;101.25;100.77;99.11;99.69;100.08;101.41;102.97;104.60;104.43;102.71;101.82;103.31;102.59;106.67;110.71;
Город федерального значения Севастополь;0;0;0;0;0;0;0;0;0;0;0;0;0;0;0;0;0;0;0;0;0;0;0;0;0;0;0;0;0;0;0;0;0;0;0;0;0;0;0;0;0;0;0;0;100.15;100.10;100;97.57;100.85;99.43;102.50;109.57;115.12;116.18;112.51;111.01;108.37;109.74;112.03;116.66;
Северо-Кавказский федеральный округ;0;0;0;0;0;0;0;0;0;0;0;0;0;0;0;0;95.65;99.32;100.50;101.43;100.70;103.95;103.12;102.80;102.55;103.55;106.45;106.47;105.24;104.57;102.34;103.50;105.77;106.19;104.04;106.14;109.51;104.60;102.76;105.24;98.25;100.93;100.97;96.53;98.93;99.48;101.87;104.96;104.18;104.83;105.54;106.13;108.04;109.40;109.24;105.58;104.23;108.07;108.61;109.97;
Республика Дагестан;107.59;109.39;114.88;114.88;110.38;114.04;110.76;129.07;153.70;173.96;158.46;131.75;107.96;98.10;99.53;99.57;101.31;103.09;103.04;103.04;98.89;98.41;100;100;100;97.93;97.93;97.93;99.58;100;100.21;100.21;102.03;103.90;103.34;102.56;108.16;105.53;104.48;104.64;107.42;107.33;107.33;105.17;100.40;100.40;100.40;102.27;102.09;102.82;104.09;102.02;101.29;101.40;100.19;100.68;102.10;101.97;102.14;100.82;
Республика Ингушетия;0;0;0;0;0;0;0;0;0;0;0;0;0;0;0;0;0;0;0;0;0;0;0;0;0;0;0;0;0;0;0;0;0;0;0;0;101.78;99.17;90.81;83.49;82.45;84.12;91.78;99.92;99.40;98.29;97.97;97.50;98.11;98.99;98.01;98.15;97.88;97.89;98.93;99.01;98.69;98.37;99.24;99.88;
Кабардино-Балкарская Республика;0;0;0;0;0;0;0;0;0;0;0;0;0;0;0;0;0;0;0;0;100;97.44;98.50;98.50;100.42;101.40;100.89;100.85;102.90;100.50;100.55;100.57;105.58;103.08;103.54;104.06;102.69;103.46;103.19;102.36;100.93;100.48;98.74;98.83;101.54;100.23;99.68;97.99;97.09;96.92;93.60;99.22;92.31;101.91;101.83;95.37;102.70;105.56;109.48;108.88;
Карачаево-Черкесская Республика;0;0;0;0;0;0;0;0;114.62;123.11;115.36;113.08;0;0;0;0;107.84;84.11;90.77;102.40;109.80;132.06;82.36;117.83;107.27;105.93;107.04;106.71;104.71;104.72;104.27;107.39;135.47;148.72;148;140.36;102.99;102.22;102.03;101.18;100.54;99.82;100;100;100;99.58;95.94;92.99;84.89;83.38;87.47;94.33;104.99;106.56;108.56;104.33;102.80;106.23;105.76;106.50;
Республика Северная Осетия-Алания;0;0;0;0;111.60;109.50;112.71;111.99;108.80;110.12;114.78;118.22;118.94;115.28;113.12;102.29;98.19;97.33;97.73;97.83;102.78;102.19;101.03;101.01;107.04;106.83;110.07;107.86;112.89;111.97;109.16;107.49;108.77;108.15;106.91;104.92;107.21;102.10;99.50;100.31;93.83;97.98;98.18;97.91;103.33;103.78;102.11;106.17;105.55;105.56;105.38;100.20;97.67;105.10;107.53;100.33;102.19;117.61;116.88;130.99;
Чеченская Республика;0;0;0;0;0;0;0;0;0;0;0;0;0;0;0;0;100;100;100;100;92.44;86.12;86.12;86.12;102.01;103.22;105.47;105.47;102.23;101.89;102.73;102.39;101.58;101.07;100.88;101.01;102.49;102.28;100.10;99.20;97.63;99.42;99.44;99.44;98.07;98.63;98.76;99.55;99.24;99.50;99.71;100.02;101.61;101.03;99.94;99.26;101.20;100.29;101.86;102.61;
Ставропольский край;107.30;106.44;105.55;109.24;115.83;120.18;118.12;112.16;113.66;121.98;122.93;116.93;112.89;99.95;94.91;97.49;93.39;98.25;99.46;101.47;100.37;104.07;104.83;102.98;102.31;103.65;106.97;107.19;104.92;104.08;101.31;103.17;104.91;105.24;102.48;106.31;110.98;105.29;103.55;107.09;97.76;101.02;100.87;94.18;96.29;97.51;103.62;108.05;105.69;106.51;107.16;110.32;114.53;114.77;114.26;109.30;106.57;107.95;108.81;107.34;
Приволжский федеральный округ;121.83;128.77;141.68;154.94;158.19;156.61;144.05;129.90;122.43;117.87;113.71;107.80;99.50;94.49;91.21;91.07;93.82;95.94;98.14;99.56;103.60;104.17;105.98;106.80;108.39;110.38;112.46;112.89;112.29;109.75;107.73;105.53;105.56;106.84;106.94;106.35;107.59;105.06;102.60;101.35;97.87;97.30;97.44;96.29;97.70;98.68;99.34;99.84;100.74;102.51;103.93;105.36;106.42;106.91;106.83;106.73;107.01;106.88;107.08;108.49;
Республика Башкортостан;132.74;147.31;166.59;163.24;160.47;151.67;129.77;124.73;117.01;108.40;106.90;101.74;95.14;90.72;90.06;91.01;93.95;98.24;98.80;100.70;101.94;103;105.33;109.45;114.97;116;116.02;114.59;111.33;110.52;110.04;109.90;108.34;108.98;109.42;107.09;106.39;101.76;98.08;98.61;96.84;98.48;99.81;99.47;99.27;98.56;101.07;101.03;101.38;105.35;105.44;106.04;109.73;109.98;109.75;109.68;108.68;108.09;107.65;108.22;
Республика Марий Эл;130.80;136.19;148.15;150.63;160.51;153.57;144.83;139.38;137.27;135.84;122.39;114.02;102.74;96.35;88.59;89.15;97.03;98.32;102.53;104.71;101.35;106.87;108.64;111.45;109.67;110.63;107.60;104.70;107.69;105.02;106.60;106.77;104.31;104.48;101.97;103.31;103.53;101.78;102.91;99.59;99.26;99.23;98.56;96.72;97.67;96.36;95.52;92.77;94.80;97.54;95.54;102.20;103.23;102.69;103.01;101.27;99.98;100.82;102.56;111.01;
Республика Мордовия;116.19;119.82;119.53;120.65;124.59;126.26;123.92;121.91;143.40;143.98;141.30;129.61;96.04;88.95;80.43;82.21;95.03;95.19;101.64;98.38;101.06;101.20;99.14;101.88;103.25;113.12;122.05;132.04;119.91;114.38;109.23;102.30;105.77;106.06;108.86;109.37;109.65;101.37;105.85;96.14;101.83;90.26;96.79;98.57;96.18;102.44;101.35;100.12;101.32;100.37;98.26;102.40;99.95;100.80;101.15;101.97;97.56;98.50;99.36;105.68;
Республика Татарстан (Татарстан);124.94;121.79;143.45;177.79;172.04;163.52;145.48;124.74;112.99;113.78;108.91;103.36;100.18;0;93.16;92.09;93.16;96.13;102.59;105.43;106.71;104.27;107.27;108.92;107.54;115.92;115.43;112.52;116.06;108.61;107.84;106.37;108.61;108.06;109.43;107.28;106.65;107.33;105.81;105.94;102.46;102.90;103.31;102.70;101.49;99.37;98.84;96.90;101.53;104.31;106.61;106.91;106.68;105.95;106.30;107.27;111.50;110.73;109.31;110.61;
Удмуртская Республика;115;125.21;141.94;158.61;173.56;163.12;131.92;112.93;109.33;102.05;101.85;98.83;93.04;95.50;92.14;93.11;100.18;97.21;100.49;100.22;102.93;104.44;105.55;106.54;108.50;108.16;109.08;106.56;109.24;107.23;106.94;105.17;107.04;109.14;106.08;106.67;109.81;105.14;101.45;99.73;96.65;98.30;99.84;99.69;100.71;100.36;99.65;100.56;101.76;104.18;106.19;106.15;105.97;109.70;110.48;109.88;108.64;106.59;104.49;105.72;
Чувашская Республика - Чувашия;112.12;117.89;120.11;134.72;157.10;163.06;164.38;146.76;127.32;116.03;105.46;98.96;89.50;87.38;87.36;89.37;94.96;96.89;99.28;101.33;103.80;112;108.92;112.19;111.65;111.22;113.95;112.85;117.18;110.28;102.47;102.35;102.27;106.44;112.14;104.77;103.25;99.98;98.12;97.11;92.81;92.07;92.63;88.52;97.30;99.60;100.50;101.85;101.96;103.53;106.10;108.72;105.38;106.36;105.92;105.62;105.53;106.17;107.15;107.69;
Пермский край;123.53;127.93;131.16;133.97;155.31;145.94;150.72;139.79;135.77;126.91;112.16;101.13;93.89;88.52;84.30;87.71;86.82;89.55;96.99;97.74;119.02;118.30;117.20;117.49;111.87;114.44;120.20;118.75;111.51;109.42;105.10;102.75;105.67;107.36;105.96;104.88;110.71;107.06;101.49;100.92;96.44;92.12;94.72;91.06;90.98;100.06;96.93;103.42;100.75;98.53;101.85;102.64;114.01;110.77;108.24;110.83;103.93;105.10;106.29;104.83;
Кировская область;137.22;142.61;144.33;140.90;147.71;145.53;136.68;124.04;115.84;111.27;109.15;101.80;90.79;86.85;82.81;86.97;95.52;97.19;98.20;98.85;97.94;99.04;105.82;106.90;108.88;111.07;110.98;117.58;120.31;118.70;115.61;109.68;101.88;102.38;102.72;102.90;105.88;100.59;97.95;96.58;95.78;96.48;98.43;96.94;96.29;97.05;98.59;99.68;104.16;105.55;107.31;108.55;106.23;104.15;102.69;100.95;101.31;104.34;105.40;110.33;
